Stop_ID,Station,To,Departure,Arrival,Type,Section_ID,Departure_Int,Arrival_Int,Duration,Distance,Speed,Current_Time,Waiting_Time,Distance_Counted,Speed_With_Stop,Score,Got_Stamp
152968487,Ehv,Tb,2025-10-04 08:04:00,2025-10-04 08:25:00,Int,16908477,29326084,29326105,21,36.9,105.4,29326080,4,36.9,88.6,88.6,0
152968488,Tb,Bd,2025-10-04 08:28:00,2025-10-04 08:40:00,Int,16908477,29326108,29326120,12,21.6,108.0,29326105,3,21.6,86.4,90.1,0
152972347,Bd,Rtd,2025-10-04 08:53:00,2025-10-04 09:15:00,Int,16908906,29326133,29326155,22,45.8,124.9,29326120,13,45.8,78.5,84.4,0
152975842,Rtd,Rta,2025-10-04 09:20:00,2025-10-04 09:28:00,Int,16909318,29326160,29326168,8,10.2,76.5,29326155,5,10.2,47.1,57.5,0
152975843,Rta,Gd,2025-10-04 09:28:00,2025-10-04 09:38:00,Int,16909318,29326168,29326178,10,13.6,81.6,29326168,0,13.6,81.6,93.1,0
152976198,Gd,Ut,2025-10-04 09:44:00,2025-10-04 10:02:00,Int,16909359,29326184,29326202,18,32.7,109.0,29326178,6,32.7,81.8,94.6,0
152976199,Ut,Amf,2025-10-04 10:07:00,2025-10-04 10:20:00,Int,16909359,29326207,29326220,13,21.4,98.8,29326202,5,21.4,71.3,87.4,0
152977017,Amf,Zl,2025-10-04 10:35:00,2025-10-04 11:10:00,Int,16909449,29326235,29326270,35,66.5,114.0,29326220,15,66.5,79.8,98.0,0
152982552,Zl,Mp,2025-10-04 11:22:00,2025-10-04 11:38:00,Spr,16910092,29326282,29326298,16,27.7,103.9,29326275,7,27.7,72.3,97.1,1
152980973,Mp,Swk,2025-10-04 11:42:00,2025-10-04 11:51:00,Spr,16909912,29326302,29326311,9,13.9,92.7,29326298,4,13.9,64.2,91.8,1
152980974,Swk,Wv,2025-10-04 11:51:00,2025-10-04 11:59:00,Spr,16909912,29326311,29326319,8,12.6,94.5,29326311,0,12.6,94.5,123.5,1
152980975,Wv,Hr,2025-10-04 11:59:00,2025-10-04 12:06:00,Spr,16909912,29326319,29326326,7,10.1,86.6,29326319,0,10.1,86.6,116.9,1
152980976,Hr,Akm,2025-10-04 12:06:00,2025-10-04 12:13:00,Spr,16909912,29326326,29326333,7,11.5,98.6,29326326,0,11.5,98.6,129.9,1
152980977,Akm,Gw,2025-10-04 12:13:00,2025-10-04 12:18:00,Spr,16909912,29326333,29326338,5,4.8,57.6,29326333,0,4.8,57.6,90.1,1
152980978,Gw,Lw,2025-10-04 12:18:00,2025-10-04 12:27:00,Spr,16909912,29326338,29326347,9,13.6,90.7,29326338,0,13.6,90.7,123.6,1
152986284,Lw,Gw,2025-10-04 12:33:00,2025-10-04 12:42:00,Spr,16910525,29326353,29326362,9,13.6,90.7,29326347,6,13.6,54.4,88.7,1
152986285,Gw,Akm,2025-10-04 12:42:00,2025-10-04 12:46:00,Spr,16910525,29326362,29326366,4,4.8,72.0,29326362,0,4.8,72.0,107.7,1
152986286,Akm,Hr,2025-10-04 12:46:00,2025-10-04 12:54:00,Spr,16910525,29326366,29326374,8,11.5,86.2,29326366,0,11.5,86.2,122.4,1
152986287,Hr,Wv,2025-10-04 12:54:00,2025-10-04 13:01:00,Spr,16910525,29326374,29326381,7,10.1,86.6,29326374,0,10.1,86.6,123.9,1
152986288,Wv,Swk,2025-10-04 13:01:00,2025-10-04 13:09:00,Spr,16910525,29326381,29326389,8,12.6,94.5,29326381,0,12.6,94.5,132.8,1
152986289,Swk,Mp,2025-10-04 13:09:00,2025-10-04 13:18:00,Spr,16910525,29326389,29326398,9,13.9,92.7,29326389,0,13.9,92.7,132.2,1
152986290,Mp,Zl,2025-10-04 13:18:00,2025-10-04 13:33:00,Spr,16910525,29326398,29326413,15,27.7,110.8,29326398,0,27.7,110.8,151.7,1
152986291,Zl,Kpnz,2025-10-04 13:37:00,2025-10-04 13:46:00,Spr,16910525,29326417,29326426,9,15.0,100.0,29326413,4,15.0,69.2,112.9,1
152986292,Kpnz,Dron,2025-10-04 13:46:00,2025-10-04 13:55:00,Spr,16910525,29326426,29326435,9,14.0,93.3,29326426,0,14.0,93.3,138.5,1
152986293,Dron,Lls,2025-10-04 13:55:00,2025-10-04 14:07:00,Spr,16910525,29326435,29326447,12,21.0,105.0,29326435,0,21.0,105.0,151.6,1
152989321,Lls,Zl,2025-10-04 14:17:00,2025-10-04 14:43:00,Int,16910871,29326457,29326483,26,50.0,115.4,29326447,10,50.0,83.3,132.0,1
152993716,Zl,Hno,2025-10-04 14:52:00,2025-10-04 14:59:00,Spr,16911390,29326492,29326499,7,12.3,105.4,29326483,9,12.3,46.1,99.8,1
152993717,Hno,Rat,2025-10-04 15:01:00,2025-10-04 15:05:00,Spr,16911390,29326501,29326505,4,5.8,87.0,29326499,2,5.8,58.0,112.9,1
152993718,Rat,Nvd,2025-10-04 15:09:00,2025-10-04 15:16:00,Spr,16911390,29326509,29326516,7,13.2,113.1,29326505,4,13.2,72.0,127.5,1
152993719,Nvd,Wdn,2025-10-04 15:19:00,2025-10-04 15:25:00,Spr,16911390,29326519,29326525,6,8.5,85.0,29326516,3,8.5,56.7,113.5,1
152993720,Wdn,Aml,2025-10-04 15:25:00,2025-10-04 15:29:00,Spr,16911390,29326525,29326529,4,4.6,69.0,29326525,0,4.6,69.0,126.7,1
152994966,Aml,Dv,2025-10-04 15:36:00,2025-10-04 16:00:00,Int,16911530,29326536,29326560,24,38.9,97.2,29326529,7,38.9,75.3,133.4,1
152994967,Dv,Apd,2025-10-04 16:03:00,2025-10-04 16:13:00,Int,16911530,29326563,29326573,10,14.6,87.6,29326560,3,14.6,67.4,129.4,1
152994968,Apd,Amf,2025-10-04 16:14:00,2025-10-04 16:38:00,Int,16911530,29326574,29326598,24,43.7,109.2,29326573,1,43.7,104.9,168.4,1
152999527,Amf,Hvs,2025-10-04 16:41:00,2025-10-04 16:52:00,Int,16912051,29326601,29326612,11,16.0,87.3,29326598,3,16.0,68.6,136.4,1
152999528,Hvs,Dvd,2025-10-04 16:53:00,2025-10-04 17:09:00,Int,16912051,29326613,29326629,16,23.3,87.4,29326612,1,23.3,82.2,151.7,1
152999529,Dvd,Asdz,2025-10-04 17:09:00,2025-10-04 17:13:00,Int,16912051,29326629,29326633,4,5.1,76.5,29326629,0,5.1,76.5,148.3,1
152999530,Asdz,Shl,2025-10-04 17:15:00,2025-10-04 17:21:00,Int,16912051,29326635,29326641,6,9.2,92.0,29326633,2,9.2,69.0,141.3,1
152999531,Shl,Rtd,2025-10-04 17:22:00,2025-10-04 17:49:00,Int,16912051,29326642,29326669,27,52.4,116.4,29326641,1,52.4,112.3,185.5,1
153003875,Rtd,Rtn,2025-10-04 17:54:00,2025-10-04 17:59:00,Spr,16912554,29326674,29326679,5,5.0,60.0,29326669,5,5.0,30.0,108.5,1
153003876,Rtn,Rta,2025-10-04 17:59:00,2025-10-04 18:03:00,Spr,16912554,29326679,29326683,4,5.2,78.0,29326679,0,5.2,78.0,157.0,1
153003877,Rta,Cps,2025-10-04 18:04:00,2025-10-04 18:07:00,Spr,16912554,29326684,29326687,3,2.0,40.0,29326683,1,2.0,30.0,109.5,1
153003878,Cps,Nwk,2025-10-04 18:07:00,2025-10-04 18:11:00,Spr,16912554,29326687,29326691,4,2.2,33.0,29326687,0,2.2,33.0,112.7,1
153003879,Nwk,Gd,2025-10-04 18:11:00,2025-10-04 18:18:00,Spr,16912554,29326691,29326698,7,9.4,80.6,29326691,0,9.4,80.6,160.5,1
153003880,Gd,Gdg,2025-10-04 18:19:00,2025-10-04 18:22:00,Spr,16912554,29326699,29326702,3,1.4,28.0,29326698,1,1.4,21.0,101.9,1
153003881,Gdg,Wd,2025-10-04 18:22:00,2025-10-04 18:31:00,Spr,16912554,29326702,29326711,9,15.4,102.7,29326702,0,15.4,102.7,183.7,1
153003882,Wd,Bkl,2025-10-04 18:33:00,2025-10-04 18:41:00,Spr,16912554,29326713,29326721,8,12.6,94.5,29326711,2,12.6,75.6,158.1,1
153003883,Bkl,Ac,2025-10-04 18:41:00,2025-10-04 18:49:00,Spr,16912554,29326721,29326729,8,11.3,84.8,29326721,0,11.3,84.8,168.5,1
153003884,Ac,Ashd,2025-10-04 18:49:00,2025-10-04 18:52:00,Spr,16912554,29326729,29326732,3,5.0,100.0,29326729,0,5.0,100.0,184.9,1
153003885,Ashd,Asb,2025-10-04 18:52:00,2025-10-04 18:55:00,Spr,16912554,29326732,29326735,3,1.1,22.0,29326732,0,1.1,22.0,107.4,1
153003083,Asb,Ut,2025-10-04 19:02:00,2025-10-04 19:18:00,Int,16912458,29326742,29326758,16,30.7,115.1,29326735,7,30.7,80.1,165.6,1
153002789,Ut,Db,2025-10-04 19:23:00,2025-10-04 19:31:00,Int,16912428,29326763,29326771,8,11.5,86.2,29326758,5,11.5,53.1,141.7,1
153002790,Db,Klp,2025-10-04 19:31:00,2025-10-04 19:44:00,Int,16912428,29326771,29326784,13,22.3,102.9,29326771,0,22.3,102.9,192.7,1
153002791,Klp,Ed,2025-10-04 19:44:00,2025-10-04 19:50:00,Int,16912428,29326784,29326790,6,7.0,70.0,29326784,0,7.0,70.0,162.0,1
153002792,Ed,Ah,2025-10-04 19:50:00,2025-10-04 20:00:00,Int,16912428,29326790,29326800,10,16.7,100.2,29326790,0,16.7,100.2,192.9,1
